Actual,Predicted
0.477,0.7191228416019015
0.458,1.7640165706624202
5.00001,2.7096588334317175
2.186,2.8389259301839473
2.78,2.604657251810295
1.587,2.011753673249949
1.982,2.645500049376615
1.575,2.1687553212870796
3.4,2.7407464411384908
4.466,3.915614725032455
